{
  "session_id": "b5b577f0-baa9-4c8d-ad33-ba11972990e3",
  "timestamp": "20250823T160423Z",
  "audio_file": "20250823T160423Z.wav",
  "segments": [
    {
      "speaker": "SPEAKER_00",
      "start": 0.63846875,
      "end": 3.27096875,
      "duration": 2.6325000000000003
    },
    {
      "speaker": "SPEAKER_01",
      "start": 1.0434687500000002,
      "end": 1.26284375,
      "duration": 0.21937499999999988
    },
    {
      "speaker": "SPEAKER_00",
      "start": 3.4397187500000004,
      "end": 57.945968750000006,
      "duration": 54.50625000000001
    }
  ],
  "segment_files": [
    {
      "order": 1,
      "speaker": "SPEAKER_00",
      "start": 0.63846875,
      "end": 3.27096875,
      "duration": 2.6325000000000003,
      "filename": "01_SPEAKER_00_0000-0003.wav",
      "path": "data/segments/b5b577f0-baa9-4c8d-ad33-ba11972990e3_001/01_SPEAKER_00_0000-0003.wav",
      "transcription": "[ERROR]"
    },
    {
      "order": 2,
      "speaker": "SPEAKER_01",
      "start": 1.0434687500000002,
      "end": 1.26284375,
      "duration": 0.21937499999999988,
      "filename": "02_SPEAKER_01_0001-0001.wav",
      "path": "data/segments/b5b577f0-baa9-4c8d-ad33-ba11972990e3_001/02_SPEAKER_01_0001-0001.wav",
      "transcription": "[SILENCE/LOW_QUALITY]"
    },
    {
      "order": 3,
      "speaker": "SPEAKER_00",
      "start": 3.4397187500000004,
      "end": 57.945968750000006,
      "duration": 54.50625000000001,
      "filename": "03_SPEAKER_00_0003-0057.wav",
      "path": "data/segments/b5b577f0-baa9-4c8d-ad33-ba11972990e3_001/03_SPEAKER_00_0003-0057.wav",
      "transcription": "[ERROR]"
    }
  ],
  "total_speakers": 2,
  "original_segments_count": 5,
  "merged_segments_count": 3
}