{
  "session_id": "09d1e226-3aa7-4a02-99fb-b97a3022c9db",
  "timestamp": "20250823T173841Z",
  "audio_file": "20250823T173841Z.wav",
  "segments": [
    {
      "speaker": "SPEAKER_00",
      "start": 1.0434687500000002,
      "end": 16.230968750000002,
      "duration": 15.187500000000002
    },
    {
      "speaker": "SPEAKER_01",
      "start": 16.230968750000002,
      "end": 17.918468750000002,
      "duration": 1.6875
    },
    {
      "speaker": "SPEAKER_00",
      "start": 17.024093750000002,
      "end": 31.80659375,
      "duration": 14.782499999999999
    },
    {
      "speaker": "SPEAKER_02",
      "start": 33.595343750000005,
      "end": 46.82534375,
      "duration": 13.229999999999997
    },
    {
      "speaker": "SPEAKER_00",
      "start": 40.71659375,
      "end": 46.52159375,
      "duration": 5.805
    },
    {
      "speaker": "SPEAKER_01",
      "start": 46.94346875,
      "end": 46.96034375,
      "duration": 0.016874999999998863
    },
    {
      "speaker": "SPEAKER_02",
      "start": 47.55096875,
      "end": 48.49596875,
      "duration": 0.9450000000000003
    }
  ],
  "segment_files": [
    {
      "order": 1,
      "speaker": "SPEAKER_00",
      "start": 1.0434687500000002,
      "end": 16.230968750000002,
      "duration": 15.187500000000002,
      "filename": "01_SPEAKER_00_0001-0016.wav",
      "path": "data/segments/09d1e226-3aa7-4a02-99fb-b97a3022c9db_001/01_SPEAKER_00_0001-0016.wav",
      "transcription": "زمانے میں بھروس سے ہمیں محبت کرائی گئی تھی۔اردو کی بڑی اہمیتی ہو کہ میری مادی زبان اردو نہیں ہے لیکن اردو گھر پہ بولی جاتی دوئے روالت اردو بول نہیں سکتے دیں گو وہ انگریزوں کے زبانے کے پلے بڑھے دے گو اٹھا گٹا گئے گو"
    },
    {
      "order": 2,
      "speaker": "SPEAKER_01",
      "start": 16.230968750000002,
      "end": 17.918468750000002,
      "duration": 1.6875,
      "filename": "02_SPEAKER_01_0016-0017.wav",
      "path": "data/segments/09d1e226-3aa7-4a02-99fb-b97a3022c9db_001/02_SPEAKER_01_0016-0017.wav",
      "transcription": "کہ کہ اردو ہماری زوان ہے۔"
    },
    {
      "order": 3,
      "speaker": "SPEAKER_00",
      "start": 17.024093750000002,
      "end": 31.80659375,
      "duration": 14.782499999999999,
      "filename": "03_SPEAKER_00_0017-0031.wav",
      "path": "data/segments/09d1e226-3aa7-4a02-99fb-b97a3022c9db_001/03_SPEAKER_00_0017-0031.wav",
      "transcription": "[REPETITIVE_CONTENT]"
    },
    {
      "order": 4,
      "speaker": "SPEAKER_02",
      "start": 33.595343750000005,
      "end": 46.82534375,
      "duration": 13.229999999999997,
      "filename": "04_SPEAKER_02_0033-0046.wav",
      "path": "data/segments/09d1e226-3aa7-4a02-99fb-b97a3022c9db_001/04_SPEAKER_02_0033-0046.wav",
      "transcription": "اسلام علیکم موقع کے حال ابھی تھی کم تم سناؤ کیسی تھی"
    },
    {
      "order": 5,
      "speaker": "SPEAKER_00",
      "start": 40.71659375,
      "end": 46.52159375,
      "duration": 5.805,
      "filename": "05_SPEAKER_00_0040-0046.wav",
      "path": "data/segments/09d1e226-3aa7-4a02-99fb-b97a3022c9db_001/05_SPEAKER_00_0040-0046.wav",
      "transcription": "اوراوراوراوراوراوراوراوراوراوراوراوراوراوراوراوراوراوراوراوراوراوراوراوراوراوراوراوراوراوراوراوراوراوراوراوراوراوراوراوراوراوراوراوراوراوراوراوراوراوراوراوراوراوراوراوراوراوراوراوراوراوراوراوراوراوراوراوراوراوراوراوراوراوراوراوراوراوراوراوراوراوراوراوراوراوراوراوراوراوراوراوراوراوراوراوراوراوراوراوراوراوراوراوراوراوراوراوراوراوراوراوراوراوراوراوراوراوراوراوراوراوراوراوراوراوراوراوراوراوراوراوراوراوراوراوراوراوراوراوراوراوراوراوراوراوراوراوراوراوراوراوراوراوراوراوراوراوراوراوراوراوراوراوراوراوراوراوراوراوراوراوراوراوراوراوراوراوراوراوراوراوراوراوراوراوراوراوراوراوراوراوراوراوراوراوراوراوراوراوراوراوراوراوراوراوراوراوراوراوراوراوراوراوراوراوراوراوراوراوراوراور"
    },
    {
      "order": 6,
      "speaker": "SPEAKER_01",
      "start": 46.94346875,
      "end": 46.96034375,
      "duration": 0.016874999999998863,
      "filename": "06_SPEAKER_01_0046-0046.wav",
      "path": "data/segments/09d1e226-3aa7-4a02-99fb-b97a3022c9db_001/06_SPEAKER_01_0046-0046.wav",
      "transcription": "[SILENCE/LOW_QUALITY]"
    },
    {
      "order": 7,
      "speaker": "SPEAKER_02",
      "start": 47.55096875,
      "end": 48.49596875,
      "duration": 0.9450000000000003,
      "filename": "07_SPEAKER_02_0047-0048.wav",
      "path": "data/segments/09d1e226-3aa7-4a02-99fb-b97a3022c9db_001/07_SPEAKER_02_0047-0048.wav",
      "transcription": "اوراوراوراوراوراوراوراوراوراوراوراوراوراوراوراوراوراوراوراوراوراوراوراوراوراوراوراوراوراوراوراوراوراوراوراوراوراوراوراوراوراوراوراوراوراوراوراوراوراوراوراوراوراوراوراوراوراوراوراوراوراوراوراوراوراوراوراوراوراوراوراوراوراوراوراوراوراوراوراوراوراوراوراوراوراوراوراوراوراوراوراوراوراوراوراوراوراوراوراوراوراوراوراوراوراوراوراوراوراوراوراوراوراوراوراوراوراوراوراوراوراوراوراوراوراوراوراوراوراوراوراوراوراوراوراوراوراوراوراوراوراوراوراوراوراوراوراوراوراوراوراوراوراوراوراوراوراوراوراوراوراوراوراوراوراوراوراوراوراوراوراوراوراوراوراوراوراوراوراوراوراوراوراوراوراوراوراوراوراوراوراوراوراوراوراوراوراوراوراوراوراوراوراوراوراوراوراوراوراوراوراوراوراوراوراوراوراوراوراوراوراور"
    }
  ],
  "total_speakers": 3,
  "original_segments_count": 14,
  "merged_segments_count": 7
}