{
  "session_id": "cd2e008f-1e7b-4043-b127-16986ac46bb2",
  "timestamp": "20250823T161404Z",
  "audio_file": "20250823T161404Z.wav",
  "segments": [
    {
      "speaker": "SPEAKER_00",
      "start": 0.45284375,
      "end": 36.970343750000005,
      "duration": 36.517500000000005
    },
    {
      "speaker": "SPEAKER_01",
      "start": 36.970343750000005,
      "end": 57.237218750000004,
      "duration": 20.266875
    }
  ],
  "segment_files": [
    {
      "order": 1,
      "speaker": "SPEAKER_00",
      "start": 0.45284375,
      "end": 36.970343750000005,
      "duration": 36.517500000000005,
      "filename": "01_SPEAKER_00_0000-0036.wav",
      "path": "data/segments/cd2e008f-1e7b-4043-b127-16986ac46bb2_001/01_SPEAKER_00_0000-0036.wav",
      "transcription": "[ERROR]"
    },
    {
      "order": 2,
      "speaker": "SPEAKER_01",
      "start": 36.970343750000005,
      "end": 57.237218750000004,
      "duration": 20.266875,
      "filename": "02_SPEAKER_01_0036-0057.wav",
      "path": "data/segments/cd2e008f-1e7b-4043-b127-16986ac46bb2_001/02_SPEAKER_01_0036-0057.wav",
      "transcription": "[ERROR]"
    }
  ],
  "total_speakers": 2,
  "original_segments_count": 4,
  "merged_segments_count": 2
}