{
  "session_id": "09d1e226-3aa7-4a02-99fb-b97a3022c9db",
  "timestamp": "20250823T174640Z",
  "audio_file": "20250823T174640Z.wav",
  "segments": [
    {
      "speaker": "SPEAKER_01",
      "start": 0.5372187500000001,
      "end": 2.64659375,
      "duration": 2.109375
    },
    {
      "speaker": "SPEAKER_00",
      "start": 1.3303437500000002,
      "end": 1.83659375,
      "duration": 0.5062499999999999
    },
    {
      "speaker": "SPEAKER_01",
      "start": 3.3553437500000003,
      "end": 9.29534375,
      "duration": 5.94
    },
    {
      "speaker": "SPEAKER_02",
      "start": 8.36721875,
      "end": 8.687843750000003,
      "duration": 0.32062500000000327
    },
    {
      "speaker": "SPEAKER_01",
      "start": 9.379718750000002,
      "end": 12.400343750000001,
      "duration": 3.020624999999999
    },
    {
      "speaker": "SPEAKER_00",
      "start": 12.029093750000001,
      "end": 12.164093750000003,
      "duration": 0.13500000000000156
    },
    {
      "speaker": "SPEAKER_02",
      "start": 12.400343750000001,
      "end": 12.41721875,
      "duration": 0.016874999999998863
    },
    {
      "speaker": "SPEAKER_02",
      "start": 15.825968750000001,
      "end": 20.01096875,
      "duration": 4.184999999999999
    },
    {
      "speaker": "SPEAKER_01",
      "start": 18.57659375,
      "end": 29.17409375,
      "duration": 10.5975
    },
    {
      "speaker": "SPEAKER_02",
      "start": 22.39034375,
      "end": 24.65159375,
      "duration": 2.2612500000000004
    },
    {
      "speaker": "SPEAKER_02",
      "start": 26.65971875,
      "end": 26.79471875,
      "duration": 0.13500000000000156
    },
    {
      "speaker": "SPEAKER_00",
      "start": 26.79471875,
      "end": 26.86221875,
      "duration": 0.067499999999999
    },
    {
      "speaker": "SPEAKER_02",
      "start": 26.86221875,
      "end": 26.879093750000003,
      "duration": 0.016875000000002416
    },
    {
      "speaker": "SPEAKER_00",
      "start": 26.879093750000003,
      "end": 26.94659375,
      "duration": 0.067499999999999
    },
    {
      "speaker": "SPEAKER_02",
      "start": 26.94659375,
      "end": 26.96346875,
      "duration": 0.016874999999998863
    },
    {
      "speaker": "SPEAKER_00",
      "start": 26.96346875,
      "end": 26.980343750000003,
      "duration": 0.016875000000002416
    },
    {
      "speaker": "SPEAKER_02",
      "start": 26.980343750000003,
      "end": 27.01409375,
      "duration": 0.033749999999997726
    },
    {
      "speaker": "SPEAKER_00",
      "start": 27.01409375,
      "end": 29.00534375,
      "duration": 1.9912500000000009
    },
    {
      "speaker": "SPEAKER_01",
      "start": 29.258468750000002,
      "end": 31.13159375,
      "duration": 1.8731249999999982
    },
    {
      "speaker": "SPEAKER_00",
      "start": 31.13159375,
      "end": 34.034093750000004,
      "duration": 2.9025000000000034
    },
    {
      "speaker": "SPEAKER_01",
      "start": 31.570343750000003,
      "end": 32.38034375,
      "duration": 0.8099999999999987
    },
    {
      "speaker": "SPEAKER_00",
      "start": 34.759718750000005,
      "end": 41.88096875,
      "duration": 7.121249999999996
    },
    {
      "speaker": "SPEAKER_01",
      "start": 34.877843750000004,
      "end": 34.962218750000005,
      "duration": 0.08437500000000142
    },
    {
      "speaker": "SPEAKER_02",
      "start": 34.962218750000005,
      "end": 36.61596875,
      "duration": 1.6537499999999952
    },
    {
      "speaker": "SPEAKER_01",
      "start": 40.19346875,
      "end": 41.76284375,
      "duration": 1.5693750000000009
    },
    {
      "speaker": "SPEAKER_00",
      "start": 43.63596875,
      "end": 48.479093750000004,
      "duration": 4.843125000000001
    }
  ],
  "segment_files": [
    {
      "order": 1,
      "speaker": "SPEAKER_01",
      "start": 0.5372187500000001,
      "end": 2.64659375,
      "duration": 2.109375,
      "filename": "01_SPEAKER_01_0000-0002.wav",
      "path": "data/segments/09d1e226-3aa7-4a02-99fb-b97a3022c9db_002/01_SPEAKER_01_0000-0002.wav",
      "transcription": "اوراکستان کو بیشتی ہوسرائے کو"
    },
    {
      "order": 2,
      "speaker": "SPEAKER_00",
      "start": 1.3303437500000002,
      "end": 1.83659375,
      "duration": 0.5062499999999999,
      "filename": "02_SPEAKER_00_0001-0001.wav",
      "path": "data/segments/09d1e226-3aa7-4a02-99fb-b97a3022c9db_002/02_SPEAKER_00_0001-0001.wav",
      "transcription": "اوراکستان کے بیشتر ہوں"
    },
    {
      "order": 3,
      "speaker": "SPEAKER_01",
      "start": 3.3553437500000003,
      "end": 9.29534375,
      "duration": 5.94,
      "filename": "03_SPEAKER_01_0003-0009.wav",
      "path": "data/segments/09d1e226-3aa7-4a02-99fb-b97a3022c9db_002/03_SPEAKER_01_0003-0009.wav",
      "transcription": "اسلام لیگو بیجان۔"
    },
    {
      "order": 4,
      "speaker": "SPEAKER_02",
      "start": 8.36721875,
      "end": 8.687843750000003,
      "duration": 0.32062500000000327,
      "filename": "04_SPEAKER_02_0008-0008.wav",
      "path": "data/segments/09d1e226-3aa7-4a02-99fb-b97a3022c9db_002/04_SPEAKER_02_0008-0008.wav",
      "transcription": "[SILENCE/LOW_QUALITY]"
    },
    {
      "order": 5,
      "speaker": "SPEAKER_01",
      "start": 9.379718750000002,
      "end": 12.400343750000001,
      "duration": 3.020624999999999,
      "filename": "05_SPEAKER_01_0009-0012.wav",
      "path": "data/segments/09d1e226-3aa7-4a02-99fb-b97a3022c9db_002/05_SPEAKER_01_0009-0012.wav",
      "transcription": "کہ چھیک ہوں تم سلاح کیسے ہو"
    },
    {
      "order": 6,
      "speaker": "SPEAKER_00",
      "start": 12.029093750000001,
      "end": 12.164093750000003,
      "duration": 0.13500000000000156,
      "filename": "06_SPEAKER_00_0012-0012.wav",
      "path": "data/segments/09d1e226-3aa7-4a02-99fb-b97a3022c9db_002/06_SPEAKER_00_0012-0012.wav",
      "transcription": "[SILENCE/LOW_QUALITY]"
    },
    {
      "order": 7,
      "speaker": "SPEAKER_02",
      "start": 12.400343750000001,
      "end": 12.41721875,
      "duration": 0.016874999999998863,
      "filename": "07_SPEAKER_02_0012-0012.wav",
      "path": "data/segments/09d1e226-3aa7-4a02-99fb-b97a3022c9db_002/07_SPEAKER_02_0012-0012.wav",
      "transcription": "[SILENCE/LOW_QUALITY]"
    },
    {
      "order": 8,
      "speaker": "SPEAKER_02",
      "start": 15.825968750000001,
      "end": 20.01096875,
      "duration": 4.184999999999999,
      "filename": "08_SPEAKER_02_0015-0020.wav",
      "path": "data/segments/09d1e226-3aa7-4a02-99fb-b97a3022c9db_002/08_SPEAKER_02_0015-0020.wav",
      "transcription": "یار آج کھانے میں کیا بگر ہے؟"
    },
    {
      "order": 9,
      "speaker": "SPEAKER_01",
      "start": 18.57659375,
      "end": 29.17409375,
      "duration": 10.5975,
      "filename": "09_SPEAKER_01_0018-0029.wav",
      "path": "data/segments/09d1e226-3aa7-4a02-99fb-b97a3022c9db_002/09_SPEAKER_01_0018-0029.wav",
      "transcription": "ابھی تر کچھ نہیں سوچا کہا پٹاو کوئی سجشے میں دبتاو"
    },
    {
      "order": 10,
      "speaker": "SPEAKER_02",
      "start": 22.39034375,
      "end": 24.65159375,
      "duration": 2.2612500000000004,
      "filename": "10_SPEAKER_02_0022-0024.wav",
      "path": "data/segments/09d1e226-3aa7-4a02-99fb-b97a3022c9db_002/10_SPEAKER_02_0022-0024.wav",
      "transcription": "اوریخ کو لنیار"
    },
    {
      "order": 11,
      "speaker": "SPEAKER_02",
      "start": 26.65971875,
      "end": 26.79471875,
      "duration": 0.13500000000000156,
      "filename": "11_SPEAKER_02_0026-0026.wav",
      "path": "data/segments/09d1e226-3aa7-4a02-99fb-b97a3022c9db_002/11_SPEAKER_02_0026-0026.wav",
      "transcription": "[SILENCE/LOW_QUALITY]"
    },
    {
      "order": 12,
      "speaker": "SPEAKER_00",
      "start": 26.79471875,
      "end": 26.86221875,
      "duration": 0.067499999999999,
      "filename": "12_SPEAKER_00_0026-0026.wav",
      "path": "data/segments/09d1e226-3aa7-4a02-99fb-b97a3022c9db_002/12_SPEAKER_00_0026-0026.wav",
      "transcription": "[SILENCE/LOW_QUALITY]"
    },
    {
      "order": 13,
      "speaker": "SPEAKER_02",
      "start": 26.86221875,
      "end": 26.879093750000003,
      "duration": 0.016875000000002416,
      "filename": "13_SPEAKER_02_0026-0026.wav",
      "path": "data/segments/09d1e226-3aa7-4a02-99fb-b97a3022c9db_002/13_SPEAKER_02_0026-0026.wav",
      "transcription": "[SILENCE/LOW_QUALITY]"
    },
    {
      "order": 14,
      "speaker": "SPEAKER_00",
      "start": 26.879093750000003,
      "end": 26.94659375,
      "duration": 0.067499999999999,
      "filename": "14_SPEAKER_00_0026-0026.wav",
      "path": "data/segments/09d1e226-3aa7-4a02-99fb-b97a3022c9db_002/14_SPEAKER_00_0026-0026.wav",
      "transcription": "[SILENCE/LOW_QUALITY]"
    },
    {
      "order": 15,
      "speaker": "SPEAKER_02",
      "start": 26.94659375,
      "end": 26.96346875,
      "duration": 0.016874999999998863,
      "filename": "15_SPEAKER_02_0026-0026.wav",
      "path": "data/segments/09d1e226-3aa7-4a02-99fb-b97a3022c9db_002/15_SPEAKER_02_0026-0026.wav",
      "transcription": "[SILENCE/LOW_QUALITY]"
    },
    {
      "order": 16,
      "speaker": "SPEAKER_00",
      "start": 26.96346875,
      "end": 26.980343750000003,
      "duration": 0.016875000000002416,
      "filename": "16_SPEAKER_00_0026-0026.wav",
      "path": "data/segments/09d1e226-3aa7-4a02-99fb-b97a3022c9db_002/16_SPEAKER_00_0026-0026.wav",
      "transcription": "[SILENCE/LOW_QUALITY]"
    },
    {
      "order": 17,
      "speaker": "SPEAKER_02",
      "start": 26.980343750000003,
      "end": 27.01409375,
      "duration": 0.033749999999997726,
      "filename": "17_SPEAKER_02_0026-0027.wav",
      "path": "data/segments/09d1e226-3aa7-4a02-99fb-b97a3022c9db_002/17_SPEAKER_02_0026-0027.wav",
      "transcription": "[SILENCE/LOW_QUALITY]"
    },
    {
      "order": 18,
      "speaker": "SPEAKER_00",
      "start": 27.01409375,
      "end": 29.00534375,
      "duration": 1.9912500000000009,
      "filename": "18_SPEAKER_00_0027-0029.wav",
      "path": "data/segments/09d1e226-3aa7-4a02-99fb-b97a3022c9db_002/18_SPEAKER_00_0027-0029.wav",
      "transcription": "ایاب ہونے کیا ہے۔"
    },
    {
      "order": 19,
      "speaker": "SPEAKER_01",
      "start": 29.258468750000002,
      "end": 31.13159375,
      "duration": 1.8731249999999982,
      "filename": "19_SPEAKER_01_0029-0031.wav",
      "path": "data/segments/09d1e226-3aa7-4a02-99fb-b97a3022c9db_002/19_SPEAKER_01_0029-0031.wav",
      "transcription": "ہیلو"
    },
    {
      "order": 20,
      "speaker": "SPEAKER_00",
      "start": 31.13159375,
      "end": 34.034093750000004,
      "duration": 2.9025000000000034,
      "filename": "20_SPEAKER_00_0031-0034.wav",
      "path": "data/segments/09d1e226-3aa7-4a02-99fb-b97a3022c9db_002/20_SPEAKER_00_0031-0034.wav",
      "transcription": "آم ایجان"
    },
    {
      "order": 21,
      "speaker": "SPEAKER_01",
      "start": 31.570343750000003,
      "end": 32.38034375,
      "duration": 0.8099999999999987,
      "filename": "21_SPEAKER_01_0031-0032.wav",
      "path": "data/segments/09d1e226-3aa7-4a02-99fb-b97a3022c9db_002/21_SPEAKER_01_0031-0032.wav",
      "transcription": "ہاں بھائی جان"
    },
    {
      "order": 22,
      "speaker": "SPEAKER_00",
      "start": 34.759718750000005,
      "end": 41.88096875,
      "duration": 7.121249999999996,
      "filename": "22_SPEAKER_00_0034-0041.wav",
      "path": "data/segments/09d1e226-3aa7-4a02-99fb-b97a3022c9db_002/22_SPEAKER_00_0034-0041.wav",
      "transcription": "میں پوچرا تک کھانے میں کیا بنایا آج؟ ابھی تک کچھ نہیں سچا کھانے گا ۔"
    },
    {
      "order": 23,
      "speaker": "SPEAKER_01",
      "start": 34.877843750000004,
      "end": 34.962218750000005,
      "duration": 0.08437500000000142,
      "filename": "23_SPEAKER_01_0034-0034.wav",
      "path": "data/segments/09d1e226-3aa7-4a02-99fb-b97a3022c9db_002/23_SPEAKER_01_0034-0034.wav",
      "transcription": "[SILENCE/LOW_QUALITY]"
    },
    {
      "order": 24,
      "speaker": "SPEAKER_02",
      "start": 34.962218750000005,
      "end": 36.61596875,
      "duration": 1.6537499999999952,
      "filename": "24_SPEAKER_02_0034-0036.wav",
      "path": "data/segments/09d1e226-3aa7-4a02-99fb-b97a3022c9db_002/24_SPEAKER_02_0034-0036.wav",
      "transcription": "بوچرا تک کھانے میں کیا بنائی آج"
    },
    {
      "order": 25,
      "speaker": "SPEAKER_01",
      "start": 40.19346875,
      "end": 41.76284375,
      "duration": 1.5693750000000009,
      "filename": "25_SPEAKER_01_0040-0041.wav",
      "path": "data/segments/09d1e226-3aa7-4a02-99fb-b97a3022c9db_002/25_SPEAKER_01_0040-0041.wav",
      "transcription": "کمیں کچھ پسند دے تو بتاؤ گا۔"
    },
    {
      "order": 26,
      "speaker": "SPEAKER_00",
      "start": 43.63596875,
      "end": 48.479093750000004,
      "duration": 4.843125000000001,
      "filename": "26_SPEAKER_00_0043-0048.wav",
      "path": "data/segments/09d1e226-3aa7-4a02-99fb-b97a3022c9db_002/26_SPEAKER_00_0043-0048.wav",
      "transcription": "ایک بھی جو انہیں کرنے کو آگا۔"
    }
  ],
  "total_speakers": 3,
  "original_segments_count": 36,
  "merged_segments_count": 26
}